{
  "pluginVersion": "4.0.2-300",
  "moduleLocation": "/Users/jack/Desktop/work/android-quickstart/java/xmsadapter",
  "app": false,
  "kitNames": [
    "Wallet",
    "Basement"
  ],
  "strategy": [
    "HOrG"
  ],
  "kitInfos": {},
  "gKitInfos": {},
  "allFiles": {
    "README.md": "574a92473d0ba7ec6e492d13f092ee3ef0874c9663c72407006892799f5d70d0",
    "build.gradle": "a3ee97ecc3da37cfbdf49ef7693fd13ea02117fa6c72852f2cb332db864216ea",
    "src/main/AndroidManifest.xml": "f6012308aa708f82da2922c6e0d535c6faa8d55f465c4acfd006b5becc787b5c",
    "src/main/java/org/xms/f/FirebaseApiNotAvailableException.java": "84d5e2a6dfb6b8659678fa6d9db0811ab6612be9debc8a51c5ea4af1474b894c",
    "src/main/java/org/xms/f/FirebaseException.java": "bd6e375d5c75b0a9fd9f59917e085f715b818c3a1a97c424d529276bde28299b",
    "src/main/java/org/xms/g/actions/ItemListIntents.java": "9b4051b7af86f15c1d1fe77dd6d38d09e62ab9c8a235c44b60f21dfd854e17d5",
    "src/main/java/org/xms/g/actions/NoteIntents.java": "a4ca6c348670facc37bcce21c632537e6d257118014e7a10ef0181654d145576",
    "src/main/java/org/xms/g/actions/ReserveIntents.java": "8cd664a2367693ea5826c73751909f295514f2a5fbc3d0ea76b6dfaf7413201e",
    "src/main/java/org/xms/g/actions/SearchIntents.java": "0ea5949e3ac9e6185caacea37fa66f37c32841b15dbbc4bf61325d25387aaf1d",
    "src/main/java/org/xms/g/auth/AccountChangeEvent.java": "4fe81d20fa7f9c1478434d6ffdb4d91fbf3d0b56ba7650e44c6e4b5c89f00562",
    "src/main/java/org/xms/g/auth/AccountChangeEventsRequest.java": "6431f0822ab06834778c9152c0f0378082df8e24ccbbe8e143714f37f873b543",
    "src/main/java/org/xms/g/auth/AccountChangeEventsResponse.java": "7562cf94554937e376651990bb3e6c8f6a0c75c421e63add1f3dc45c5ad3dbd5",
    "src/main/java/org/xms/g/auth/CookieUtil.java": "11af9820fadda77a7203bea541d0c70ce443360886b1bcd2754ae69608bd326b",
    "src/main/java/org/xms/g/auth/ExtensionAuthException.java": "d98c55e116d7a2d69a6bc06025001a5d989e6ac7f36502e42bb9b96814271a55",
    "src/main/java/org/xms/g/auth/ExtensionAuthUtil.java": "7a39b5e0cb6cc7ab03ef9c22a02249ff91db0434a9827a053b68a2dbd224db93",
    "src/main/java/org/xms/g/auth/ExtensionPlayServicesAvailabilityException.java": "6754e7d7b06e011adfc80b9fd0ad35aaf079078496f1b600d633d91e56e61ee4",
    "src/main/java/org/xms/g/auth/PendingResultEmptyImpl.java": "18c4827f1774426d0f260ac1f17e66e4aff0b7d57c752bb52102ea4cd9e4b653",
    "src/main/java/org/xms/g/auth/TaskEmptyImpl.java": "c1a27cb226698075466d6b15241463b4149181afc398c58f741a2f773695168a",
    "src/main/java/org/xms/g/auth/UserRecoverableAuthException.java": "6efb049f02952e184d27a98c42b3620cc52dfd23d93884ed7ad5828e3f6bd5fa",
    "src/main/java/org/xms/g/auth/UserRecoverableNotifiedException.java": "ae1dbd0b000b2264162f6703cd0bae1df1c017c47e5661f088458bcdb825f02c",
    "src/main/java/org/xms/g/auth/account/WorkAccount.java": "524d022675f91a6bdb2bc9c9c6d63a1b766683925665b7b99e7e2c871bfc1f20",
    "src/main/java/org/xms/g/auth/account/WorkAccountApi.java": "8b6cf73ef89183ad7d3934f868f744115f26c9b3ef22f0e11ab902356abad2d1",
    "src/main/java/org/xms/g/auth/account/WorkAccountClient.java": "ac7e6a1364352731d4a2b9d76ff7a0d99706d825cf7634e1e9f5091407622ad3",
    "src/main/java/org/xms/g/auth/api/Auth.java": "9fd1c628a21e3007934b989f97eaf7cb09d15df0da09382d016c44a870f44f7d",
    "src/main/java/org/xms/g/auth/api/accounttransfer/AccountTransfer.java": "27f051c0b4eeda112aeb06395fc055e671b842c236a1558f84717499e539b5cd",
    "src/main/java/org/xms/g/auth/api/accounttransfer/AccountTransferClient.java": "51ca0a47ca61370ef546cc529e93b43ac998799213cd221f7d82abfe2af36fac",
    "src/main/java/org/xms/g/auth/api/accounttransfer/AccountTransferException.java": "39518febd7c8e2989a7079b692eccafabcc5ceddd74942d34034add7174aa575",
    "src/main/java/org/xms/g/auth/api/accounttransfer/AccountTransferStatusCodes.java": "bb1a67fc320b603c7e24bb2f2037082ce61669ee4a86c984a755454ad2a0e8a0",
    "src/main/java/org/xms/g/auth/api/accounttransfer/AuthenticatorTransferCompletionStatus.java": "05a0fc459457d8cc7a0575e38a4abcb91560f2a7a0c09bfa593e670c82563476",
    "src/main/java/org/xms/g/auth/api/accounttransfer/DeviceMetaData.java": "ad1dc6f5c5f2e59579a9345c448af989e52c12654308a2474617a6d1e5d34577",
    "src/main/java/org/xms/g/auth/api/credentials/Credential.java": "b0f28d67ed05a5ed8fd99d16b9a98e7ffd28e78d00435679b0ddd1ff003fcfc2",
    "src/main/java/org/xms/g/auth/api/credentials/CredentialPickerConfig.java": "0457f360b45102fdafa10c1db9fc1511bfd60cf0b0820acc84b561a1d93eac38",
    "src/main/java/org/xms/g/auth/api/credentials/CredentialRequest.java": "8c5e656b5a612b520ff256cdbec87bc5be6277922f63f6e3377c0f008ffc24bd",
    "src/main/java/org/xms/g/auth/api/credentials/CredentialRequestResponse.java": "c6790ab2be55dfe8874828aaa27a3f21591f2917f421b9f2056784c0af4b61f8",
    "src/main/java/org/xms/g/auth/api/credentials/CredentialRequestResult.java": "b89dc663db0456422e6a8c3fa6f49d6d337850f31998ae8c517e7dd3ea3de14d",
    "src/main/java/org/xms/g/auth/api/credentials/Credentials.java": "ee2120098eb380c7f126046d25b9bf62344a79eefb8c8cafca7d6afad9c89d9f",
    "src/main/java/org/xms/g/auth/api/credentials/CredentialsApi.java": "35d4a8b5b7c3cc99835513b85163deed16700bac1028980e414c2b4d0ad0dfc6",
    "src/main/java/org/xms/g/auth/api/credentials/CredentialsClient.java": "72d0e4a599f885b037a846e3caa3cb41c0084d5e0dda092b2b7b07781753e7b7",
    "src/main/java/org/xms/g/auth/api/credentials/CredentialsOptions.java": "318c56e297df0f1092a401ff24cfd1ba92680c07b5d37a67fb330328d7ec3e99",
    "src/main/java/org/xms/g/auth/api/credentials/HintRequest.java": "007d5acf58253e77796aea44127e93dec7dcf2cade3080f27e17259c0a04b1d7",
    "src/main/java/org/xms/g/auth/api/credentials/IdToken.java": "a82856c54a1e1d4adc44d056171add764fb04b33bc3c8653e44fdb1d9dbf02ee",
    "src/main/java/org/xms/g/auth/api/credentials/IdentityProviders.java": "edbea1e0639ca54ba1b788ac5ab5ae63367fc2dee8e31cb4ee36adabf32846d0",
    "src/main/java/org/xms/g/auth/api/phone/SmsRetriever.java": "d05864922f7f57bf9852396ebbceb6b2a9b4bfbe7594030dfb088f3bba2ff49d",
    "src/main/java/org/xms/g/auth/api/phone/SmsRetrieverApi.java": "400188fe4b16711e414e356247b6a449099acb6a355a029ef44df37bc9c4460d",
    "src/main/java/org/xms/g/auth/api/phone/SmsRetrieverClient.java": "bd32e40284d9a3e0a02a60314e030d740c89dc21adb1f2eccb337a51841e2595",
    "src/main/java/org/xms/g/auth/api/signin/ExtensionSignIn.java": "6cbdbdc75f2c17693126ba642bfb196e10e8e6f187d321b4fd70b1c9c8c29712",
    "src/main/java/org/xms/g/auth/api/signin/ExtensionSignInAccount.java": "6764c0389f5c933dd78e6b80147461222d3d8fc74e2a06ec309c2e578918896a",
    "src/main/java/org/xms/g/auth/api/signin/ExtensionSignInApi.java": "a7ab08ce5549c6436f6f08d765b5f5e7bb08324f2d007973a5fce93341703b0a",
    "src/main/java/org/xms/g/auth/api/signin/ExtensionSignInClient.java": "acbd92aedd1b5482ae4aaece3be6906218377efd1f084f25db8b356965da5a15",
    "src/main/java/org/xms/g/auth/api/signin/ExtensionSignInOptions.java": "9754d2f732c1893556010b13776dcd914c19accd3754255c66cde9e16817dc0e",
    "src/main/java/org/xms/g/auth/api/signin/ExtensionSignInOptionsExtension.java": "4f8745bc71cf4463bf555d1b5a123ca01b42db22ef0503f24b1d78c068245978",
    "src/main/java/org/xms/g/auth/api/signin/ExtensionSignInResult.java": "3f2bed07fc3f96b21e3ed6a116887dab3bec14b10fc099945e91a3991af5c7ff",
    "src/main/java/org/xms/g/auth/api/signin/ExtensionSignInStatusCodes.java": "f1581bba3861009a8beed9644a3059604fe81add622c5674159cf0a49ecfa5ee",
    "src/main/java/org/xms/g/auth/api/signin/RevocationBoundService.java": "0853df639da9aff351d86b23852100c020b7316f72f72a92d273df83b2a7a012",
    "src/main/java/org/xms/g/common/AccountPicker.java": "32486e874d77a3d6b603e82e3627e79818a9c32c879778030933375b87f960a5",
    "src/main/java/org/xms/g/common/ConnectionResult.java": "976a0872d643e774aea32bcf1f3b5a881b5a0247ccaac8ce2cdf0a200cc4d0e1",
    "src/main/java/org/xms/g/common/ErrorDialogFragment.java": "549d801e569567cac7f0d4337c94e767e27518add78b65ef7f19162397d85997",
    "src/main/java/org/xms/g/common/ExtensionApiAvailability.java": "4b89063469db894cfd6510abd8915a4ea2dd0ac60a695241249a1fccd5ec270e",
    "src/main/java/org/xms/g/common/ExtensionPlayServicesNotAvailableException.java": "af99d7132cf182bcfdfe2117c4602f09fd5d6a69acdc96a55c47b6f694e30766",
    "src/main/java/org/xms/g/common/ExtensionPlayServicesRepairableException.java": "068ec47c0455907c7b0345dcc3a2b21a1a904082ace0da090d24b1fd8b420a52",
    "src/main/java/org/xms/g/common/ExtensionPlayServicesUtil.java": "bb4fed190909acf29d0d571c8d9026ebfd23be5992aefcc42b6b1577f00a1e90",
    "src/main/java/org/xms/g/common/Scopes.java": "154be97bb9ee07bd15da021daf12bfed86900815f69cef831b926ab496463ec9",
    "src/main/java/org/xms/g/common/SignInButton.java": "e868773627bd063a833481f7ba9e0438369480e444f926d08f0c2d162fa81223",
    "src/main/java/org/xms/g/common/SupportErrorDialogFragment.java": "6d8daa15cb135fb1e5b93fb0876d97be7e745e2b6e9afa809bf81b51ad0fb69a",
    "src/main/java/org/xms/g/common/UserRecoverableException.java": "c064aef69999f18af9dc293a071f6e8857739616b220cfb3312de3e9fb6720cd",
    "src/main/java/org/xms/g/common/api/Api.java": "e1be90224125a1a9e06ccc9e397819a10af2567f3a93f0fb4b6c8d7aa32f0c37",
    "src/main/java/org/xms/g/common/api/ApiException.java": "3c5182ad917ee797894b5ffad2607e713bc050b3c649b946e59cd31409a17926",
    "src/main/java/org/xms/g/common/api/AvailabilityException.java": "959d03d813adc01f4d499706a6893f9aaaa292c3783d338a8a1697dbf2158ea7",
    "src/main/java/org/xms/g/common/api/Batch.java": "1d9ef9851161be36911f106d5283f8a574c4fb9664cfeedd9884b858a1867a84",
    "src/main/java/org/xms/g/common/api/BatchResult.java": "b7286f7a30b307eb9a238f9b56a8404ec6ddd7c22c238b93bcc1cfa9276706fa",
    "src/main/java/org/xms/g/common/api/BatchResultToken.java": "964100c283a6a746c83998cffeb702a5008b9a47cc1206718677e503ce8a9739",
    "src/main/java/org/xms/g/common/api/BooleanResult.java": "ad432ca5de568c92c5b56fb43b3301ace87f8df3f9c9178a1a4a52291364a2a8",
    "src/main/java/org/xms/g/common/api/CommonStatusCodes.java": "76cadd5d55a7457bbba02274bdbb5ba446b66dd4faf7a79dfc03bace9044f6a7",
    "src/main/java/org/xms/g/common/api/ExtensionApi.java": "fb463a43d7c05b054e3ee33123b942bb8ca6f40e1cab9ef3553ec3e3a44ec85f",
    "src/main/java/org/xms/g/common/api/ExtensionApiClient.java": "a8b3e7601d8f51f867d9594129c956d82f502a4353fa1032025caca4e91c2a65",
    "src/main/java/org/xms/g/common/api/HasApiKey.java": "1acead073bb47b6111da1fb862fc18c39cd46631b535c1de15c334000d2feb4f",
    "src/main/java/org/xms/g/common/api/OptionalPendingResult.java": "d4e3486d5899548cef1e5e9ce1229fbd7d382858fa13d3662dd8930a6588fb71",
    "src/main/java/org/xms/g/common/api/PendingResult.java": "11a42509b83f44f98d23b4a8a2f92cbed19b354f6132ac8b1a9047e635770676",
    "src/main/java/org/xms/g/common/api/PendingResults.java": "345fc730c5f0289d0c846cda140a528173211a01f27c571c5efaff1c8d4500e8",
    "src/main/java/org/xms/g/common/api/Releasable.java": "37da6b62e6ce6270929e5a01b4cc1eb95d44bfdf35d8fa4dc96b2483d4e66a84",
    "src/main/java/org/xms/g/common/api/ResolvableApiException.java": "7602531b220127ad1c6623997e4607477b15b4089acaf6ce5b3c10a4f01956a6",
    "src/main/java/org/xms/g/common/api/ResolvingResultCallbacks.java": "a1c45f9e532479332922ccc9deb94acba429f57c2dc1c3a0f5aaed34d48be549",
    "src/main/java/org/xms/g/common/api/Response.java": "23afb7f167607338372e85b633945ffdf7abae7a59478bea0c81fd0ebec517fb",
    "src/main/java/org/xms/g/common/api/Result.java": "5a0b60411f12f48749092119d8bc0f6f2eb0bea1cad9c01d57e5627c270965cb",
    "src/main/java/org/xms/g/common/api/ResultCallback.java": "dd3e2769473e87b82a5f6145fe98d6160c0ca4f3c56ccf0738a1cd0e8a1d5033",
    "src/main/java/org/xms/g/common/api/ResultCallbacks.java": "e36bda8dd1fbba38113e7c98ce1d61ec484ae596818bea1a950ac86fe33c8ed1",
    "src/main/java/org/xms/g/common/api/ResultTransform.java": "067ef1a21c25b99532a322eb52b490b4e6f1a37b9e874329ef8d575e27b027be",
    "src/main/java/org/xms/g/common/api/Scope.java": "d804f3693d7dd722dc5bce70c29495f0ebe58459d74df64642522f9bb0910e14",
    "src/main/java/org/xms/g/common/api/Status.java": "5490b3e5d29696a75855be21334dcef3e21439194c5789d4fd08ef59fac667ff",
    "src/main/java/org/xms/g/common/api/TransformedResult.java": "8b21f4c7948a87fb15b323ab992e5bea4ad3217175dccffae4a13fec7d651e09",
    "src/main/java/org/xms/g/common/api/UnsupportedApiCallException.java": "9dbd102efc8700ac0646bcb963c53ab774104ee70440830afa744aa4db540f51",
    "src/main/java/org/xms/g/common/data/AbstractDataBuffer.java": "c62801cb74a20196d22ad27f430d6fce7e88932bdfbe189808f19965518ac1a4",
    "src/main/java/org/xms/g/common/data/DataBuffer.java": "5a760e933c1f4ebbb9056e72d6cce08947c1c329994fc20a31b7fa57dd80f8c4",
    "src/main/java/org/xms/g/common/data/DataBufferObserver.java": "c65d6213f1250392c1a9f110317298d8d257fd20e8a5f152ac5914d3fe035671",
    "src/main/java/org/xms/g/common/data/DataBufferObserverSet.java": "eff9c8731c09350967f71d3e1dc4a06fd6926c12dd17923a5a43f8b778c33770",
    "src/main/java/org/xms/g/common/data/DataBufferUtils.java": "08b5b097969941b57057a9006707a6f9e81ffe29ef8776342a5cda887fe1202b",
    "src/main/java/org/xms/g/common/data/Freezable.java": "d26836e20aa1ba2ad6190283a24142bbf7f1668fc26f27d9bc5079e1a826c5d6",
    "src/main/java/org/xms/g/common/data/FreezableUtils.java": "fcb538ed94c94a5b7f0a1f78acf18ffa5afa9efe52206b9202aaf675e3b48f7e",
    "src/main/java/org/xms/g/common/images/ImageManager.java": "c7dd185d4c17d14ba466b6e5026c5173c0678398f5fb1f274cb34193041dd067",
    "src/main/java/org/xms/g/common/images/Size.java": "bac6323fc6004909c1135ae8531355798215ac54fa836ef8cd3a678401006b32",
    "src/main/java/org/xms/g/common/images/WebImage.java": "f99231124889d9817ab2c74c1393e089135b3617cea099c9b337c1a9fae7489e",
    "src/main/java/org/xms/g/identity/intents/Address.java": "860b871c8c8b24fe688c2a45ad83f225c94df02ba5b9bfdd49d85d2513863313",
    "src/main/java/org/xms/g/identity/intents/AddressConstants.java": "e211fd01b5b29a5fbf736b38d2ec53a029922ee3da6f31d1fd3d5d3296340b5a",
    "src/main/java/org/xms/g/identity/intents/UserAddressRequest.java": "aff02919d4b9a372fc042791d44452f5425d50ad62704e30a09dfb051e396067",
    "src/main/java/org/xms/g/identity/intents/model/CountrySpecification.java": "394af842cc5f2f8329fb693dafd66d2cf7353bd7bd3ea1aaf437322d295f6243",
    "src/main/java/org/xms/g/identity/intents/model/UserAddress.java": "e1986ffaa1c5b8e3b34f0443f844dbd79216936cf11de3315ad5f4fa69c44bcc",
    "src/main/java/org/xms/g/location/ActivityRecognition.java": "7763decdf2a4a15ffece2b4cd1fb461cb3f8a5f41ece9b436b2efe2b6037cb69",
    "src/main/java/org/xms/g/location/ActivityRecognitionApi.java": "bb69c8420069ba862012fdc6ca238d05383fda93e5a0f121d30dead773fc9655",
    "src/main/java/org/xms/g/location/ActivityRecognitionClient.java": "54530fd69141076c968bec72a3cb9e884ee5c4edc6f1b67c73f8758858726e89",
    "src/main/java/org/xms/g/location/ActivityRecognitionResult.java": "2a1b92dba0fd039b6d57700c00aee0b524bcd7f5a3a6bc9cfcd66b106b53eb37",
    "src/main/java/org/xms/g/location/ActivityTransition.java": "0fa28e9d49abc32408b32de712ce3b0e93f701486e138f4671e220dac60d5a50",
    "src/main/java/org/xms/g/location/ActivityTransitionEvent.java": "01334ac74e0c699ff256b75605996029f8dff8c35a1107efaf3759f5f06590c8",
    "src/main/java/org/xms/g/location/ActivityTransitionRequest.java": "cbb581a28bdab5006f2883a0f64b8e83ae62da751071abba042bdfff03242e97",
    "src/main/java/org/xms/g/location/ActivityTransitionResult.java": "9794ce7a128b2a63bb02a860623031cbbbfe1445d020dcc11914b24418d7f71e",
    "src/main/java/org/xms/g/location/DetectedActivity.java": "44d2fbb0605c1b15946ac3bbdda4a993a0355dfcdc679f88f563db87e7199bdc",
    "src/main/java/org/xms/g/location/FusedLocationProviderApi.java": "3a28918969b613836c01699fd72a59c9344e899ff9f3998c579d777ec0d04bce",
    "src/main/java/org/xms/g/location/FusedLocationProviderClient.java": "c2e33bf7eb2036cf919fc5453c5a1d6a005a3f646d384faad9a6eaae74ee4d7c",
    "src/main/java/org/xms/g/location/Geofence.java": "74075af43c81aa75fe3f6e9270282ea1441306ab42e3e9c44e15e0213a633669",
    "src/main/java/org/xms/g/location/GeofenceStatusCodes.java": "cd2c4bda60284db1377f55f0dac515c1800a222896381be6172a45b78e6dd947",
    "src/main/java/org/xms/g/location/GeofencingApi.java": "89b01b96bfed9abd98fa59d278da883e2532a6be95b419aad057198769aaadc6",
    "src/main/java/org/xms/g/location/GeofencingClient.java": "041085cf45ae340e1a409e39acbed7b85ee809fb1134fa264f39678a7726bb20",
    "src/main/java/org/xms/g/location/GeofencingEvent.java": "6ac1ce9a31193fbf585dbe4a9a4f04fced6a444fd3d7f8a21c881b72d239c274",
    "src/main/java/org/xms/g/location/GeofencingRequest.java": "7a6f403f3ec8d31b83fe3e94525fd257d328ebeca0acf34b64d619c3f0ba96f3",
    "src/main/java/org/xms/g/location/LocationAvailability.java": "4da5d7090ccbe3c458846c62bbae27a4f09c269cd67fe880d4f1c3fe1fc9c1df",
    "src/main/java/org/xms/g/location/LocationCallback.java": "5fc67ca48995071049ae812e9e920602a7c60afcd67406fcadb0db12dd55a68f",
    "src/main/java/org/xms/g/location/LocationListener.java": "01e32a6bd8bae4e242d28ee22bda91665b42f21dccc48369d9e2d3c858928a1e",
    "src/main/java/org/xms/g/location/LocationRequest.java": "c493d0ed244b1e5b1b28079e871d50e1c7f5d3ce424fa8cf388c6a9933e0a99b",
    "src/main/java/org/xms/g/location/LocationResult.java": "f74fcaf17d287e7c8e7cf45048234d8cc2784d1dcf5dcdb7f9bf0ae3bc2d20c2",
    "src/main/java/org/xms/g/location/LocationServices.java": "7df250e70794af1879e7c51ba3fffe144e3208b99836479b9081249692356722",
    "src/main/java/org/xms/g/location/LocationSettingsRequest.java": "fe501589d52664f4a9603ed1f3fc96a2939b4a672040cb5dda17b1fbbefea336",
    "src/main/java/org/xms/g/location/LocationSettingsResponse.java": "3393658ee93fa5db46425e54143b274e2c635c2ec686ed35050ce1e565d48536",
    "src/main/java/org/xms/g/location/LocationSettingsResult.java": "bbc035ee2c7926c43ff28f0276ca7dbcc744df30d9bd9c14ad947abbdab94048",
    "src/main/java/org/xms/g/location/LocationSettingsStates.java": "34ffb4e792db616edc38aba9d679d7379a3c559b79c09ab942a41b677afd7684",
    "src/main/java/org/xms/g/location/LocationSettingsStatusCodes.java": "ec73c2dae3daf036b3064133d6e036a885b52933d1473b5092ed67cdbd4eafe9",
    "src/main/java/org/xms/g/location/LocationStatusCodes.java": "fce4ca72d1ff98736ec4cfd7be65f27fdcde19013a7cb11845983a53bc7b1f16",
    "src/main/java/org/xms/g/location/SettingsApi.java": "65da19f325182fc2840c42a161183e385a0b6f7bbe64809e07a1dff9478d8f89",
    "src/main/java/org/xms/g/location/SettingsClient.java": "daa23ece8c74a5e7ef8fb29f1341b93685308ba3af67c756798da46c1642bb53",
    "src/main/java/org/xms/g/maps/CameraUpdate.java": "7a4ffc1893b491b2cc3ba29aa932288cdade4754e9cbf68afc251675f31ca2e6",
    "src/main/java/org/xms/g/maps/CameraUpdateFactory.java": "24ddb1a21382d153ea75c286b8aa8cea9f650b6c1ea02aa0f7bc4d7ab81bdb8a",
    "src/main/java/org/xms/g/maps/ExtensionMap.java": "028ef034f0949965ba1270b3ad991abe845d8dfffd7dd16b6986349f3355346f",
    "src/main/java/org/xms/g/maps/ExtensionMapOptions.java": "65f78df8b34c0ab7429028686a7dced1682751e9281fb9554da4312923723539",
    "src/main/java/org/xms/g/maps/LocationSource.java": "c38e42db9953e884ffbd06ce51f565996072ce3cafe745303b1d9ac8130bcfad",
    "src/main/java/org/xms/g/maps/MapView.java": "d31c7e1dc44ea92f716ba780ca37fcefb39a7bfc393b78d13f2426b6d32ea32d",
    "src/main/java/org/xms/g/maps/MapsInitializer.java": "ff8caa517e52699eca5a53da193b929763e0bf530e18dac65c4394c25599746f",
    "src/main/java/org/xms/g/maps/OnMapReadyCallback.java": "c74c009a5b0de7fe014acfe685d74fd6f2b92ddff0c025a926dac627a4d6c0f1",
    "src/main/java/org/xms/g/maps/OnStreetViewPanoramaReadyCallback.java": "d4f494af476ebeb367363b06cbbef8034f95451e4dfbd83bcbc82853780f0147",
    "src/main/java/org/xms/g/maps/Projection.java": "2bab0e9266a0961b8d28dad098cfdc7ad9333b875224e51de3dfae89c97b6224",
    "src/main/java/org/xms/g/maps/StreetViewPanorama.java": "2f78ed6ab8381dbace21c3316a852d5f4db8d7ba31a32c19d9499992915ad1ef",
    "src/main/java/org/xms/g/maps/StreetViewPanoramaOptions.java": "0110adf7b61012b6111de16691c440d85342fce29300c5fb2b89899e186c3623",
    "src/main/java/org/xms/g/maps/StreetViewPanoramaView.java": "6ad3169d74457bd95a68bd158f05c95ac6b3234f082dd5454c6e0fc3ca59f626",
    "src/main/java/org/xms/g/maps/UiSettings.java": "871909afad10f7c3d65a8dd8d4deed1a0d539a3077c2fb9c94b9098c0601f5ca",
    "src/main/java/org/xms/g/maps/model/BitmapDescriptor.java": "2f0e9be4537ac7e5bebe22bb04cd36ea0fcbf45186b1e6e746414c37a610160e",
    "src/main/java/org/xms/g/maps/model/BitmapDescriptorFactory.java": "8cb1d44f02e063aba54eaed0e3b401ed9305d2ed6e70c568802cdf4a713df2f6",
    "src/main/java/org/xms/g/maps/model/ButtCap.java": "0910e790a58f3adb3663c0b16b85611aaf793e179c86c69c72a93e272c52c849",
    "src/main/java/org/xms/g/maps/model/CameraPosition.java": "646ffd770a1b71b99d6480a93f67ff86947056a1d6b2d6f883b7671b00852ab8",
    "src/main/java/org/xms/g/maps/model/Cap.java": "a7a965f711e23c621826a97a6915d601573c0fdef343b5d289f5dafc43234dd1",
    "src/main/java/org/xms/g/maps/model/Circle.java": "afbc7cad97a07ed03dac5d0d29a866529979c653cf1c694ae159e120c83d9e81",
    "src/main/java/org/xms/g/maps/model/CircleOptions.java": "89a8cf7b21a7ff87f5e7e484f553cd57c7876347fcac9e50621f448e56a2ab1c",
    "src/main/java/org/xms/g/maps/model/CustomCap.java": "e1cf1d3b38f1d19e388cb26a6b8c6c0faf5f8b9cdbdec9d82f3b91bdbdac3945",
    "src/main/java/org/xms/g/maps/model/Dash.java": "a377207c29e6f6c15da3909b1b1476266e34accda5e95db2f8f7406f6c658a93",
    "src/main/java/org/xms/g/maps/model/Dot.java": "4cfff5a6e44be90e55741383c8c0ea47294adb8e3127692688ce5fae0fb95544",
    "src/main/java/org/xms/g/maps/model/Gap.java": "481b19850226d3c062fd929bdc421edfe6fd669f418841656c8e5fe62997af52",
    "src/main/java/org/xms/g/maps/model/GroundOverlay.java": "2fa6541e05e31756901a4c0a8d619953357631ce52780671d3c1419c7135ae3b",
    "src/main/java/org/xms/g/maps/model/GroundOverlayOptions.java": "120fe23c2dcf1809cc7866f1a1d239b2844cd058ca7ba59affefa4da8bc6b3d2",
    "src/main/java/org/xms/g/maps/model/IndoorBuilding.java": "f67d3989e84df5eeb092233226d7a002ea537bc01b231e8e58a1c88f17906b3b",
    "src/main/java/org/xms/g/maps/model/IndoorLevel.java": "2b8ead65c38bff1b54ac928c41a990352b6a514256d7a04b3d95ca138434ac8d",
    "src/main/java/org/xms/g/maps/model/JointType.java": "4bc1f698a3f65ecbdc5ec99a37a9e07b38ed15ae2517531c4ee22b3c7225080e",
    "src/main/java/org/xms/g/maps/model/LatLng.java": "ca1ac7f22ad7672c4a4ca4cdaa0219225d0df2f8bd64d4ed00af7188c3588957",
    "src/main/java/org/xms/g/maps/model/LatLngBounds.java": "f29464009b86b4bc6510a617cc5263b2bb18f3c82d225a2a42555f2cc55b13ea",
    "src/main/java/org/xms/g/maps/model/MapStyleOptions.java": "94727d26a7288c19d6a3e8b18f81ac174f7dc2065b29f38c56207392cfb66e3e",
    "src/main/java/org/xms/g/maps/model/Marker.java": "03eff65a7aedeadc78c7450019226ac358859ed7ac4531ccff2e790979b1d7f5",
    "src/main/java/org/xms/g/maps/model/MarkerOptions.java": "015e6a907ce78b7eaed2a01f19ed66b7d3e1c74a52797aae056e1201e937c2fb",
    "src/main/java/org/xms/g/maps/model/PatternItem.java": "d27eaef6b39470dd2326bbc1730798946858d5b5658da57757303c52e22fdb9e",
    "src/main/java/org/xms/g/maps/model/PointOfInterest.java": "68f4623f78c55270553d0999bfd730e816254cd1b59a73d2ae8e08a61bd7f1d4",
    "src/main/java/org/xms/g/maps/model/Polygon.java": "1a4ebd0b36f6169002d2c6a20fc4ec8b39c47580b0631dfe1b28f56468ece8ac",
    "src/main/java/org/xms/g/maps/model/PolygonOptions.java": "f60123563a3e0a95280e559956d08ee153d3f62513df8d46750c13d4ab3e6faf",
    "src/main/java/org/xms/g/maps/model/Polyline.java": "309118d6446fc08876b28e98fc214d61df8a911591dbab5eae5aa689e0c71990",
    "src/main/java/org/xms/g/maps/model/PolylineOptions.java": "f3cb56b570893a944efabdab3c09bb6cc2a0ae9f039bcf8558489db6576efb16",
    "src/main/java/org/xms/g/maps/model/RoundCap.java": "309f6af0e8ad15d3fecdf83b4bdbd7cbb27697ae099aeae9d0fa7136bfd77174",
    "src/main/java/org/xms/g/maps/model/RuntimeRemoteException.java": "2849810c80cb00558222e272b3c7468e494eb6fccd8552fdc041018f6d25e58c",
    "src/main/java/org/xms/g/maps/model/SquareCap.java": "26d3f19cd1d1426a8afa442a4d67f7eb4f975bb7e1c46541e51d83df360b0b27",
    "src/main/java/org/xms/g/maps/model/StreetViewPanoramaCamera.java": "629a3c2b1c633908eac52ac777e91a86676ec94df25e34dd2a6acebd19e3e860",
    "src/main/java/org/xms/g/maps/model/StreetViewPanoramaLink.java": "0800a05389394e4114efcf24e534d61caf8c1ae4468e84f179956ac4651a897a",
    "src/main/java/org/xms/g/maps/model/StreetViewPanoramaLocation.java": "5e7a9509a86e71fadd93469e8c8700e04ced21eb5ee954bdd93648739dc3c769",
    "src/main/java/org/xms/g/maps/model/StreetViewPanoramaOrientation.java": "f1897fbd38862b664b30ca05a0dbdbac744081ddde36f8efdcd6550771d1f95e",
    "src/main/java/org/xms/g/maps/model/StreetViewSource.java": "86a4ed67b274dbdca5ddfe2ce7415d8374280097e9251fa212523d283532b38c",
    "src/main/java/org/xms/g/maps/model/Tile.java": "777a73d9c5efca725da69ea0b3125c11339d1bd3bfd868668e2eb3c65926a0c3",
    "src/main/java/org/xms/g/maps/model/TileOverlay.java": "1ce585011716ad901a72bca9de0a22a5bb479774a07c3a4bf9791f1c03cf2aa7",
    "src/main/java/org/xms/g/maps/model/TileOverlayOptions.java": "e98bab581b652bb424b5d4eb21344be71e4f412df365d33aabffcd30763f3650",
    "src/main/java/org/xms/g/maps/model/TileProvider.java": "18b321887b03f2a13607065b322ae41bac23874543fba03a312afe8c46298e20",
    "src/main/java/org/xms/g/maps/model/UrlTileProvider.java": "8fb7aedfaf71acf2e44b6874c3b8b81fb83d919487e5cf92db4a3c7ffec7d32c",
    "src/main/java/org/xms/g/maps/model/VisibleRegion.java": "8af156297e56d8a18adf482304377db852424234280e32024f89087a4df04cf2",
    "src/main/java/org/xms/g/security/ProviderInstaller.java": "684e7a15da5fe12f6e157ef26bd21ec60e23bc528e157d071187942019fce1fa",
    "src/main/java/org/xms/g/tasks/CancellationToken.java": "ae51572b51c5774be767cc7845f9dfa643f8fe89d8e0cc6d191fa86c14bbc3ea",
    "src/main/java/org/xms/g/tasks/CancellationTokenSource.java": "ef690225cc66cf1d74e900ff115a9639c63c46ecfdee127871af192bca064603",
    "src/main/java/org/xms/g/tasks/Continuation.java": "9cfcc9c0dd3d9788f001d29b003819900fe7c3edc73b1105de6f3ebdc85a0617",
    "src/main/java/org/xms/g/tasks/OnCanceledListener.java": "7bb09f7b968fc92a4344178662990e2d515c428e80154fe66e5441c817772de4",
    "src/main/java/org/xms/g/tasks/OnCompleteListener.java": "4b187b5ac7e1685c9e71d28adfc63ec17cb9bba489eacf93eef0ff11db6b82c6",
    "src/main/java/org/xms/g/tasks/OnFailureListener.java": "743149db83595c7b4c2e40069861c5d73997a87eaeb120510c18db85a237132d",
    "src/main/java/org/xms/g/tasks/OnSuccessListener.java": "557420f70f180825e99a1ece52809ca2ee8aa9afbe5f58d42c44066b1ccff2ef",
    "src/main/java/org/xms/g/tasks/OnTokenCanceledListener.java": "788cf91c694578cefb7dcb9583b7ac7431389bf87f5cfd2b829ad96143baea4f",
    "src/main/java/org/xms/g/tasks/RuntimeExecutionException.java": "9d9f944b3dbb4b3a0c750ac1f685a132ecfc90ab32d5a4dd00dded6183939b53",
    "src/main/java/org/xms/g/tasks/SuccessContinuation.java": "96c26dd94c3fbf63c47ef0ab757af4f46f1d5666de6159e218625aa1da39208b",
    "src/main/java/org/xms/g/tasks/Task.java": "0b68ef710d72e05f28ae8767c257168e9b14fe9f66624fd677e66fba5a0df248",
    "src/main/java/org/xms/g/tasks/TaskCompletionSource.java": "de5d8f1a9cfdc82d3d5c4a76ed19abd3e1fdc7a74afece3c0ceedd4c1c274583",
    "src/main/java/org/xms/g/tasks/TaskExecutors.java": "14bbba6fe2d49799e0984528cf93aa4c9469c4ce0dedd38557a5c316ecdf45c4",
    "src/main/java/org/xms/g/tasks/Tasks.java": "23a8bd219f8681c6021967bd9e9225f63030e133e895d6ed5d545b9bb3ebfb4c",
    "src/main/java/org/xms/g/utils/BridgeMethodUtils.java": "f43e3deaa762060b2000ae46d146afbd20491d18c5ca7f4911ee3ba1a3e4ce9e",
    "src/main/java/org/xms/g/utils/Function.java": "a90a0bcc0e6a91c3b696ff13fb6b6618efce7f0ee24f32c84f6475eb812eab03",
    "src/main/java/org/xms/g/utils/GlobalEnvSetting.java": "bab08d6cf044dce109283c9e3cfd6b48de37ba4f480b44ad801f7e6dae4eb070",
    "src/main/java/org/xms/g/utils/Parameter.java": "815db578cf6a639d267a2a45dfaf50dff267572e3909dcf07f33868b023d3e2a",
    "src/main/java/org/xms/g/utils/TypeNode.java": "c5612a1f43b604011e21d2e9450ed6388687bde68feef714bf60ba58593cac6f",
    "src/main/java/org/xms/g/utils/Utils.java": "1f26fd1e8f3b6b440f88358dfbd4205cdef91270363d6d81dd7117a6363f32b6",
    "src/main/java/org/xms/g/utils/XEnum.java": "bc3601a2534a51d95f79eb09f92c440ce5770052694cf297ea8b2772e5b6448c",
    "src/main/java/org/xms/g/utils/XGettable.java": "6f3a001ad1217f6099f7896a10f0b0570e4933e80444664d5fd5fae97d7a6080",
    "src/main/java/org/xms/g/utils/XInterface.java": "584d4cc5eebbaad23605850006a65202c23b9b2b8155c5de1eedb1e09eeb0273",
    "src/main/java/org/xms/g/utils/XObject.java": "7cdd1cd2e5789a090b203279c97495c1347c84c73640d839c7e1ee10f09da6b1",
    "src/main/java/org/xms/g/utils/XmsLog.java": "1ae6e938518b7cda7c95ac3e5383c53dd514d9ed6298c464edcc4799ee772e64",
    "src/main/java/org/xms/g/wallet/AutoResolvableResult.java": "993db3b530e94286624ae5b46b297a2da0592d9aa8720b9facf32473444ba6a1",
    "src/main/java/org/xms/g/wallet/AutoResolvableVoidResult.java": "28ecd755b281570ab59bc4d0ed0994b429dd311dc23f9b81ba72022136d43191",
    "src/main/java/org/xms/g/wallet/AutoResolveHelper.java": "01377c9214bdec5330685947f7bfa31987bd58c827a1468ba2263106346066dc",
    "src/main/java/org/xms/g/wallet/CardInfo.java": "31d94cbf0af6f63e8d52c2e25a5a302243af7adb1b0a9da2a7cf83811cef391c",
    "src/main/java/org/xms/g/wallet/CardRequirements.java": "f3e1082215b601e3cd26bdb774b932fd2fb475d65670dabb7a87248e6b460972",
    "src/main/java/org/xms/g/wallet/CreateWalletObjectsRequest.java": "ce7d9509e1de3e6dafb1e2174eea7770d2dbade99465284b88d900cc3b646cd7",
    "src/main/java/org/xms/g/wallet/GiftCardWalletObject.java": "5e19343264e9f62a2a5cce0e236ae7c941dd1a69fab53154485e86758974d1df",
    "src/main/java/org/xms/g/wallet/InstrumentInfo.java": "2b4492ce02a2d036df238296b8c49d5bc7d4194a3a4373be9dca6ce99df0220f",
    "src/main/java/org/xms/g/wallet/IsReadyToPayRequest.java": "5716e774f48c3ac894cf57769f9bdb46148313f4835473a99cc29593a80cec44",
    "src/main/java/org/xms/g/wallet/LoyaltyWalletObject.java": "3a53f59d723ce4112d5647aaa04afdff1071192fe01d7b74c00590cf3f9318b8",
    "src/main/java/org/xms/g/wallet/OfferWalletObject.java": "94af715abe8c157c568a15d1468113756f47468c181cd940c0a7c7d7f4de1833",
    "src/main/java/org/xms/g/wallet/PaymentData.java": "c9e932ea01ccc4cff6def3484b3562330a3e815771bdc6e6b7595d8408ff23f6",
    "src/main/java/org/xms/g/wallet/PaymentDataRequest.java": "f403f7541108bd500a6800aad87f3e11fd7b3a5a6d8349e386939cb1012795ba",
    "src/main/java/org/xms/g/wallet/PaymentInstrumentType.java": "c6849b34b9e45e8f7230631a9e67e77a4a74424e65f5abca402cdff1cefda181",
    "src/main/java/org/xms/g/wallet/PaymentMethodToken.java": "6e1ca6c074a7b65b4c2b3463675f85bc4ee9c5296bf8d4e1d9c99d1743fd0cfe",
    "src/main/java/org/xms/g/wallet/PaymentMethodTokenizationParameters.java": "eaf69f30b1bc096918e051cdbce8f77e320349f06af175d257e77d464bc62442",
    "src/main/java/org/xms/g/wallet/PaymentsClient.java": "3a32028153c886edc6c7fc9f41b66c9faee240ed3ec176b0dbc3048f71cb0c35",
    "src/main/java/org/xms/g/wallet/ShippingAddressRequirements.java": "fa520ca36248aa5d84c56ff64401fd6a5c3ae746c22d40bac8074c523648fdef",
    "src/main/java/org/xms/g/wallet/TransactionInfo.java": "eed4f10ff4653a8d6435ccd7d41ef03a11319eb45f3a6fbf94290c93bf03e8a3",
    "src/main/java/org/xms/g/wallet/Wallet.java": "5e973a97debbbff1ffc9e78846ef2138055830019d1bca4599ebd36bfc6d29d7",
    "src/main/java/org/xms/g/wallet/WalletConstants.java": "12fcec968bc3f9de05c227f5283bb64a88ce5566c50de471e13fc689efc3bf7c",
    "src/main/java/org/xms/g/wallet/WalletObjectsClient.java": "5873b6540e12f44351cb5634287fb8ca5aaf626b915d3b6633567aee5966c8ed",
    "src/main/java/org/xms/g/wallet/wobs/LabelValue.java": "16953c5ebd7bfa9291fcf7ffa83dbc5de96e87f3a65aed7edc8ee2b2b2802959",
    "src/main/java/org/xms/g/wallet/wobs/LabelValueRow.java": "86b3d19994a87336e42f5b2c527e9fb28e5e72872def960ab06fcffcc0e2771a",
    "src/main/java/org/xms/g/wallet/wobs/LoyaltyPoints.java": "b1c13eb3b814bed19e60c368129cd85248d9ae6ce468bdae46c3a0016696f9d6",
    "src/main/java/org/xms/g/wallet/wobs/LoyaltyPointsBalance.java": "f8e0d2c4920a395012ebdeb736bd9681ec78260493b36cd7b41386682c091078",
    "src/main/java/org/xms/g/wallet/wobs/TextModuleData.java": "3858f512eda411165c6239c46d89e624fecb9911e4632c7c6de40b4d5a65aea4",
    "src/main/java/org/xms/g/wallet/wobs/TimeInterval.java": "a87e8636e90ba7769a746c5f271179368e1fdc4f8dbd243111b0f8e88c968b82",
    "src/main/java/org/xms/g/wallet/wobs/UriData.java": "cb623d245a73a0ea98aa6224805f7a7a6b03ec8849baec7535aaad7193391c24",
    "src/main/java/org/xms/g/wallet/wobs/WalletObjectMessage.java": "86aa629898c61475dea64a2a7c123803cc87dfbb74444eabde3f4d8221bcb3fc",
    "src/main/java/org/xms/g/wallet/wobs/WalletObjects.java": "c268c9c3bb0a9b470a86830a397af89def60ddb4f15fcedffcef3ab134c145bd",
    "src/main/java/org/xms/g/wallet/wobs/WalletObjectsConstants.java": "a1414bfcd87b8f9cfb5b8aa77015d9066bcc4043206edfaf1a782d79d5507ebd"
  }
}