{
  "pluginVersion": "4.0.2-300",
  "moduleLocation": "/Users/jack/Documents/github/SkyTube/xmsadapter",
  "app": false,
  "kitNames": [
    "Basement"
  ],
  "strategy": [
    "HOrG"
  ],
  "kitInfos": {},
  "gKitInfos": {},
  "allFiles": {
    "README.md": "97a24205abacdbef7efe15b46d12f111fbadf4172873a4b6628bd7f0abfb81f2",
    "build.gradle": "b02ab9d2afe1aed33d76c2402498660af8fd713f2c66f51a871eb23d882497c7",
    "src/main/AndroidManifest.xml": "f6012308aa708f82da2922c6e0d535c6faa8d55f465c4acfd006b5becc787b5c",
    "src/main/java/org/xms/f/FirebaseApiNotAvailableException.java": "84d5e2a6dfb6b8659678fa6d9db0811ab6612be9debc8a51c5ea4af1474b894c",
    "src/main/java/org/xms/f/FirebaseException.java": "bd6e375d5c75b0a9fd9f59917e085f715b818c3a1a97c424d529276bde28299b",
    "src/main/java/org/xms/g/actions/ItemListIntents.java": "9b4051b7af86f15c1d1fe77dd6d38d09e62ab9c8a235c44b60f21dfd854e17d5",
    "src/main/java/org/xms/g/actions/NoteIntents.java": "a4ca6c348670facc37bcce21c632537e6d257118014e7a10ef0181654d145576",
    "src/main/java/org/xms/g/actions/ReserveIntents.java": "8cd664a2367693ea5826c73751909f295514f2a5fbc3d0ea76b6dfaf7413201e",
    "src/main/java/org/xms/g/actions/SearchIntents.java": "0ea5949e3ac9e6185caacea37fa66f37c32841b15dbbc4bf61325d25387aaf1d",
    "src/main/java/org/xms/g/common/AccountPicker.java": "32486e874d77a3d6b603e82e3627e79818a9c32c879778030933375b87f960a5",
    "src/main/java/org/xms/g/common/ConnectionResult.java": "976a0872d643e774aea32bcf1f3b5a881b5a0247ccaac8ce2cdf0a200cc4d0e1",
    "src/main/java/org/xms/g/common/ErrorDialogFragment.java": "549d801e569567cac7f0d4337c94e767e27518add78b65ef7f19162397d85997",
    "src/main/java/org/xms/g/common/ExtensionApiAvailability.java": "4b89063469db894cfd6510abd8915a4ea2dd0ac60a695241249a1fccd5ec270e",
    "src/main/java/org/xms/g/common/ExtensionPlayServicesNotAvailableException.java": "af99d7132cf182bcfdfe2117c4602f09fd5d6a69acdc96a55c47b6f694e30766",
    "src/main/java/org/xms/g/common/ExtensionPlayServicesRepairableException.java": "068ec47c0455907c7b0345dcc3a2b21a1a904082ace0da090d24b1fd8b420a52",
    "src/main/java/org/xms/g/common/ExtensionPlayServicesUtil.java": "bb4fed190909acf29d0d571c8d9026ebfd23be5992aefcc42b6b1577f00a1e90",
    "src/main/java/org/xms/g/common/Scopes.java": "154be97bb9ee07bd15da021daf12bfed86900815f69cef831b926ab496463ec9",
    "src/main/java/org/xms/g/common/SupportErrorDialogFragment.java": "6d8daa15cb135fb1e5b93fb0876d97be7e745e2b6e9afa809bf81b51ad0fb69a",
    "src/main/java/org/xms/g/common/UserRecoverableException.java": "c064aef69999f18af9dc293a071f6e8857739616b220cfb3312de3e9fb6720cd",
    "src/main/java/org/xms/g/common/api/Api.java": "54a9165378d4f294e360c8977b1cdfbe0286c0670c4a22f5e22b80f8bf66103c",
    "src/main/java/org/xms/g/common/api/ApiException.java": "3c5182ad917ee797894b5ffad2607e713bc050b3c649b946e59cd31409a17926",
    "src/main/java/org/xms/g/common/api/AvailabilityException.java": "959d03d813adc01f4d499706a6893f9aaaa292c3783d338a8a1697dbf2158ea7",
    "src/main/java/org/xms/g/common/api/Batch.java": "1d9ef9851161be36911f106d5283f8a574c4fb9664cfeedd9884b858a1867a84",
    "src/main/java/org/xms/g/common/api/BatchResult.java": "b7286f7a30b307eb9a238f9b56a8404ec6ddd7c22c238b93bcc1cfa9276706fa",
    "src/main/java/org/xms/g/common/api/BatchResultToken.java": "964100c283a6a746c83998cffeb702a5008b9a47cc1206718677e503ce8a9739",
    "src/main/java/org/xms/g/common/api/BooleanResult.java": "ad432ca5de568c92c5b56fb43b3301ace87f8df3f9c9178a1a4a52291364a2a8",
    "src/main/java/org/xms/g/common/api/CommonStatusCodes.java": "76cadd5d55a7457bbba02274bdbb5ba446b66dd4faf7a79dfc03bace9044f6a7",
    "src/main/java/org/xms/g/common/api/ExtensionApi.java": "fb463a43d7c05b054e3ee33123b942bb8ca6f40e1cab9ef3553ec3e3a44ec85f",
    "src/main/java/org/xms/g/common/api/ExtensionApiClient.java": "a8b3e7601d8f51f867d9594129c956d82f502a4353fa1032025caca4e91c2a65",
    "src/main/java/org/xms/g/common/api/HasApiKey.java": "1acead073bb47b6111da1fb862fc18c39cd46631b535c1de15c334000d2feb4f",
    "src/main/java/org/xms/g/common/api/OptionalPendingResult.java": "d4e3486d5899548cef1e5e9ce1229fbd7d382858fa13d3662dd8930a6588fb71",
    "src/main/java/org/xms/g/common/api/PendingResult.java": "11a42509b83f44f98d23b4a8a2f92cbed19b354f6132ac8b1a9047e635770676",
    "src/main/java/org/xms/g/common/api/PendingResults.java": "345fc730c5f0289d0c846cda140a528173211a01f27c571c5efaff1c8d4500e8",
    "src/main/java/org/xms/g/common/api/Releasable.java": "37da6b62e6ce6270929e5a01b4cc1eb95d44bfdf35d8fa4dc96b2483d4e66a84",
    "src/main/java/org/xms/g/common/api/ResolvableApiException.java": "7602531b220127ad1c6623997e4607477b15b4089acaf6ce5b3c10a4f01956a6",
    "src/main/java/org/xms/g/common/api/ResolvingResultCallbacks.java": "a1c45f9e532479332922ccc9deb94acba429f57c2dc1c3a0f5aaed34d48be549",
    "src/main/java/org/xms/g/common/api/Response.java": "23afb7f167607338372e85b633945ffdf7abae7a59478bea0c81fd0ebec517fb",
    "src/main/java/org/xms/g/common/api/Result.java": "5a0b60411f12f48749092119d8bc0f6f2eb0bea1cad9c01d57e5627c270965cb",
    "src/main/java/org/xms/g/common/api/ResultCallback.java": "dd3e2769473e87b82a5f6145fe98d6160c0ca4f3c56ccf0738a1cd0e8a1d5033",
    "src/main/java/org/xms/g/common/api/ResultCallbacks.java": "e36bda8dd1fbba38113e7c98ce1d61ec484ae596818bea1a950ac86fe33c8ed1",
    "src/main/java/org/xms/g/common/api/ResultTransform.java": "067ef1a21c25b99532a322eb52b490b4e6f1a37b9e874329ef8d575e27b027be",
    "src/main/java/org/xms/g/common/api/Scope.java": "d804f3693d7dd722dc5bce70c29495f0ebe58459d74df64642522f9bb0910e14",
    "src/main/java/org/xms/g/common/api/Status.java": "5490b3e5d29696a75855be21334dcef3e21439194c5789d4fd08ef59fac667ff",
    "src/main/java/org/xms/g/common/api/TransformedResult.java": "8b21f4c7948a87fb15b323ab992e5bea4ad3217175dccffae4a13fec7d651e09",
    "src/main/java/org/xms/g/common/api/UnsupportedApiCallException.java": "9dbd102efc8700ac0646bcb963c53ab774104ee70440830afa744aa4db540f51",
    "src/main/java/org/xms/g/common/data/AbstractDataBuffer.java": "c62801cb74a20196d22ad27f430d6fce7e88932bdfbe189808f19965518ac1a4",
    "src/main/java/org/xms/g/common/data/DataBuffer.java": "5a760e933c1f4ebbb9056e72d6cce08947c1c329994fc20a31b7fa57dd80f8c4",
    "src/main/java/org/xms/g/common/data/DataBufferObserver.java": "c65d6213f1250392c1a9f110317298d8d257fd20e8a5f152ac5914d3fe035671",
    "src/main/java/org/xms/g/common/data/DataBufferObserverSet.java": "eff9c8731c09350967f71d3e1dc4a06fd6926c12dd17923a5a43f8b778c33770",
    "src/main/java/org/xms/g/common/data/DataBufferUtils.java": "08b5b097969941b57057a9006707a6f9e81ffe29ef8776342a5cda887fe1202b",
    "src/main/java/org/xms/g/common/data/Freezable.java": "d26836e20aa1ba2ad6190283a24142bbf7f1668fc26f27d9bc5079e1a826c5d6",
    "src/main/java/org/xms/g/common/data/FreezableUtils.java": "fcb538ed94c94a5b7f0a1f78acf18ffa5afa9efe52206b9202aaf675e3b48f7e",
    "src/main/java/org/xms/g/common/images/ImageManager.java": "c7dd185d4c17d14ba466b6e5026c5173c0678398f5fb1f274cb34193041dd067",
    "src/main/java/org/xms/g/common/images/Size.java": "bac6323fc6004909c1135ae8531355798215ac54fa836ef8cd3a678401006b32",
    "src/main/java/org/xms/g/common/images/WebImage.java": "f99231124889d9817ab2c74c1393e089135b3617cea099c9b337c1a9fae7489e",
    "src/main/java/org/xms/g/security/ProviderInstaller.java": "684e7a15da5fe12f6e157ef26bd21ec60e23bc528e157d071187942019fce1fa",
    "src/main/java/org/xms/g/tasks/CancellationToken.java": "ae51572b51c5774be767cc7845f9dfa643f8fe89d8e0cc6d191fa86c14bbc3ea",
    "src/main/java/org/xms/g/tasks/CancellationTokenSource.java": "ef690225cc66cf1d74e900ff115a9639c63c46ecfdee127871af192bca064603",
    "src/main/java/org/xms/g/tasks/Continuation.java": "9cfcc9c0dd3d9788f001d29b003819900fe7c3edc73b1105de6f3ebdc85a0617",
    "src/main/java/org/xms/g/tasks/OnCanceledListener.java": "7bb09f7b968fc92a4344178662990e2d515c428e80154fe66e5441c817772de4",
    "src/main/java/org/xms/g/tasks/OnCompleteListener.java": "4b187b5ac7e1685c9e71d28adfc63ec17cb9bba489eacf93eef0ff11db6b82c6",
    "src/main/java/org/xms/g/tasks/OnFailureListener.java": "743149db83595c7b4c2e40069861c5d73997a87eaeb120510c18db85a237132d",
    "src/main/java/org/xms/g/tasks/OnSuccessListener.java": "557420f70f180825e99a1ece52809ca2ee8aa9afbe5f58d42c44066b1ccff2ef",
    "src/main/java/org/xms/g/tasks/OnTokenCanceledListener.java": "788cf91c694578cefb7dcb9583b7ac7431389bf87f5cfd2b829ad96143baea4f",
    "src/main/java/org/xms/g/tasks/RuntimeExecutionException.java": "9d9f944b3dbb4b3a0c750ac1f685a132ecfc90ab32d5a4dd00dded6183939b53",
    "src/main/java/org/xms/g/tasks/SuccessContinuation.java": "96c26dd94c3fbf63c47ef0ab757af4f46f1d5666de6159e218625aa1da39208b",
    "src/main/java/org/xms/g/tasks/Task.java": "0b68ef710d72e05f28ae8767c257168e9b14fe9f66624fd677e66fba5a0df248",
    "src/main/java/org/xms/g/tasks/TaskCompletionSource.java": "de5d8f1a9cfdc82d3d5c4a76ed19abd3e1fdc7a74afece3c0ceedd4c1c274583",
    "src/main/java/org/xms/g/tasks/TaskExecutors.java": "14bbba6fe2d49799e0984528cf93aa4c9469c4ce0dedd38557a5c316ecdf45c4",
    "src/main/java/org/xms/g/tasks/Tasks.java": "23a8bd219f8681c6021967bd9e9225f63030e133e895d6ed5d545b9bb3ebfb4c",
    "src/main/java/org/xms/g/utils/BridgeMethodUtils.java": "f43e3deaa762060b2000ae46d146afbd20491d18c5ca7f4911ee3ba1a3e4ce9e",
    "src/main/java/org/xms/g/utils/Function.java": "a90a0bcc0e6a91c3b696ff13fb6b6618efce7f0ee24f32c84f6475eb812eab03",
    "src/main/java/org/xms/g/utils/GlobalEnvSetting.java": "bab08d6cf044dce109283c9e3cfd6b48de37ba4f480b44ad801f7e6dae4eb070",
    "src/main/java/org/xms/g/utils/Parameter.java": "815db578cf6a639d267a2a45dfaf50dff267572e3909dcf07f33868b023d3e2a",
    "src/main/java/org/xms/g/utils/TypeNode.java": "c5612a1f43b604011e21d2e9450ed6388687bde68feef714bf60ba58593cac6f",
    "src/main/java/org/xms/g/utils/Utils.java": "153314735bdf505aa5974163e45beda622a6b4b037bcdee89b29ef2d488618f3",
    "src/main/java/org/xms/g/utils/XEnum.java": "bc3601a2534a51d95f79eb09f92c440ce5770052694cf297ea8b2772e5b6448c",
    "src/main/java/org/xms/g/utils/XGettable.java": "6f3a001ad1217f6099f7896a10f0b0570e4933e80444664d5fd5fae97d7a6080",
    "src/main/java/org/xms/g/utils/XInterface.java": "584d4cc5eebbaad23605850006a65202c23b9b2b8155c5de1eedb1e09eeb0273",
    "src/main/java/org/xms/g/utils/XObject.java": "7cdd1cd2e5789a090b203279c97495c1347c84c73640d839c7e1ee10f09da6b1",
    "src/main/java/org/xms/g/utils/XmsLog.java": "1ae6e938518b7cda7c95ac3e5383c53dd514d9ed6298c464edcc4799ee772e64"
  }
}